{"cameraMode":{"drawMode":0,"name":"Shaded","section":"Shading Mode"},"sceneLighting":false,"audioPlay":false,"sceneViewState":{"m_AlwaysRefresh":false,"showFog":true,"showSkybox":false,"showFlares":true,"showImageEffects":true,"showParticleSystems":true,"showVisualEffectGraphs":true,"m_FxEnabled":true},"in2DMode":false,"pivot":{"x":-0.1907787024974823,"y":0.1744033247232437,"z":0.420287162065506},"rotation":{"x":0.03770412132143974,"y":0.14842532575130464,"z":-0.004849722143262625,"w":0.9887166619300842},"size":0.6867378354072571,"orthographic":false}